array	index	parent	coordinate_or_child	statistic_or_left_value	integer	implicit
a	0	-	0	-	-55839	false
a	1	-	1	-	-36137	false
a	2	-	2	-	-17449	false
a	3	-	3	-	-1780	false
a	4	-	4	-	11561	false
a	5	-	5	-	22640	false
a	6	-	6	-	31188	false
a	7	-	7	-	36731	false
a	8	-	8	-	38593	false
a	9	-	9	-	35898	false
a	10	-	10	-	29051	false
a	11	-	11	-	18387	false
a	12	-	12	-	3823	false
a	13	-	13	-	-14569	false
a	14	-	14	-	-39776	false
a	15	-	15	-	-38598	false
a	16	-	16	-	-23708	false
P	-	(1, 1, 14)	0	0	0	true
P	-	(1, 1, 14)	1	0	0	true
P	0	(1, 1, 14)	2	6	-3070	false
P	-	(1, 1, 14)	2	7	0	true
P	-	(1, 2, 13)	0	0	0	true
P	1	(1, 2, 13)	1	0	295	false
P	-	(1, 2, 13)	1	1	0	true
P	2	(1, 2, 13)	2	5	-20546	false
P	-	(1, 2, 13)	2	6	0	true
P	-	(1, 3, 12)	0	0	0	true
P	3	(1, 3, 12)	1	0	-1514	false
P	-	(1, 3, 12)	1	1	0	true
P	4	(1, 3, 12)	2	4	-38211	false
P	5	(1, 3, 12)	2	5	-9654	false
P	-	(1, 3, 12)	2	6	0	true
P	-	(1, 4, 11)	0	0	0	true
P	6	(1, 4, 11)	1	0	-7530	false
P	7	(1, 4, 11)	1	1	-2765	false
P	-	(1, 4, 11)	1	2	0	true
P	8	(1, 4, 11)	2	3	-55230	false
P	9	(1, 4, 11)	2	4	-16412	false
P	-	(1, 4, 11)	2	5	0	true
P	-	(1, 5, 10)	0	0	0	true
P	10	(1, 5, 10)	1	0	-14246	false
P	11	(1, 5, 10)	1	1	-5912	false
P	-	(1, 5, 10)	1	2	0	true
P	12	(1, 5, 10)	2	2	-78106	false
P	13	(1, 5, 10)	2	3	-32809	false
P	14	(1, 5, 10)	2	4	-7009	false
P	-	(1, 5, 10)	2	5	0	true
P	-	(1, 6, 9)	0	0	0	true
P	15	(1, 6, 9)	1	0	-26324	false
P	16	(1, 6, 9)	1	1	-13519	false
P	17	(1, 6, 9)	1	2	-3592	false
P	-	(1, 6, 9)	1	3	0	true
P	18	(1, 6, 9)	2	1	-96458	false
P	19	(1, 6, 9)	2	2	-47439	false
P	20	(1, 6, 9)	2	3	-16217	false
P	-	(1, 6, 9)	2	4	0	true
P	-	(1, 7, 8)	0	0	0	true
P	21	(1, 7, 8)	1	0	-46871	false
P	22	(1, 7, 8)	1	1	-25058	false
P	23	(1, 7, 8)	1	2	-9643	false
P	-	(1, 7, 8)	1	3	0	true
P	24	(1, 7, 8)	2	0	-95643	false
P	25	(1, 7, 8)	2	1	-62269	false
P	26	(1, 7, 8)	2	2	-28725	false
P	27	(1, 7, 8)	2	3	-8576	false
P	-	(1, 7, 8)	2	4	0	true
P	28	(2, 2, 12)	0	0	-2535	false
P	-	(2, 2, 12)	0	1	0	true
P	29	(2, 2, 12)	1	0	-2550	false
P	-	(2, 2, 12)	1	1	0	true
P	30	(2, 2, 12)	2	4	-34711	false
P	31	(2, 2, 12)	2	5	-7207	false
P	-	(2, 2, 12)	2	6	0	true
P	32	(2, 3, 11)	0	0	-3270	false
P	-	(2, 3, 11)	0	1	0	true
P	33	(2, 3, 11)	1	0	-6376	false
P	-	(2, 3, 11)	1	1	0	true
P	34	(2, 3, 11)	2	3	-53221	false
P	35	(2, 3, 11)	2	4	-15352	false
P	-	(2, 3, 11)	2	5	0	true
P	36	(2, 4, 10)	0	0	-3477	false
P	-	(2, 4, 10)	0	1	0	true
P	37	(2, 4, 10)	1	0	-14828	false
P	38	(2, 4, 10)	1	1	-4187	false
P	-	(2, 4, 10)	1	2	0	true
P	39	(2, 4, 10)	2	2	-74924	false
P	40	(2, 4, 10)	2	3	-32439	false
P	41	(2, 4, 10)	2	4	-7231	false
P	-	(2, 4, 10)	2	5	0	true
P	42	(2, 5, 9)	0	0	-3578	false
P	-	(2, 5, 9)	0	1	0	true
P	43	(2, 5, 9)	1	0	-24599	false
P	44	(2, 5, 9)	1	1	-8700	false
P	-	(2, 5, 9)	1	2	0	true
P	45	(2, 5, 9)	2	1	-92989	false
P	46	(2, 5, 9)	2	2	-46655	false
P	47	(2, 5, 9)	2	3	-16926	false
P	-	(2, 5, 9)	2	4	0	true
P	48	(2, 6, 8)	0	0	-3517	false
P	-	(2, 6, 8)	0	1	0	true
P	49	(2, 6, 8)	1	0	-42976	false
P	50	(2, 6, 8)	1	1	-20283	false
P	51	(2, 6, 8)	1	2	-5132	false
P	-	(2, 6, 8)	1	3	0	true
P	52	(2, 6, 8)	2	0	-107049	false
P	53	(2, 6, 8)	2	1	-63201	false
P	54	(2, 6, 8)	2	2	-31013	false
P	55	(2, 6, 8)	2	3	-9730	false
P	-	(2, 6, 8)	2	4	0	true
P	56	(2, 7, 7)	0	0	-3705	false
P	-	(2, 7, 7)	0	1	0	true
P	57	(2, 7, 7)	1	0	-67421	false
P	58	(2, 7, 7)	1	1	-35684	false
P	59	(2, 7, 7)	1	2	-13735	false
P	-	(2, 7, 7)	1	3	0	true
P	60	(2, 7, 7)	2	0	-68829	false
P	61	(2, 7, 7)	2	1	-36752	false
P	62	(2, 7, 7)	2	2	-13993	false
P	-	(2, 7, 7)	2	3	0	true
P	63	(3, 3, 10)	0	0	-7658	false
P	-	(3, 3, 10)	0	1	0	true
P	64	(3, 3, 10)	1	0	-7586	false
P	-	(3, 3, 10)	1	1	0	true
P	65	(3, 3, 10)	2	2	-76746	false
P	66	(3, 3, 10)	2	3	-33496	false
P	67	(3, 3, 10)	2	4	-7329	false
P	-	(3, 3, 10)	2	5	0	true
P	68	(3, 4, 9)	0	0	-7447	false
P	-	(3, 4, 9)	0	1	0	true
P	69	(3, 4, 9)	1	0	-17336	false
P	70	(3, 4, 9)	1	1	-4721	false
P	-	(3, 4, 9)	1	2	0	true
P	71	(3, 4, 9)	2	1	-96770	false
P	72	(3, 4, 9)	2	2	-49297	false
P	73	(3, 4, 9)	2	3	-17874	false
P	-	(3, 4, 9)	2	4	0	true
P	74	(3, 5, 8)	0	0	-7143	false
P	-	(3, 5, 8)	0	1	0	true
P	75	(3, 5, 8)	1	0	-30044	false
P	76	(3, 5, 8)	1	1	-10107	false
P	-	(3, 5, 8)	1	2	0	true
P	77	(3, 5, 8)	2	0	-116558	false
P	78	(3, 5, 8)	2	1	-68325	false
P	79	(3, 5, 8)	2	2	-33467	false
P	80	(3, 5, 8)	2	3	-10424	false
P	-	(3, 5, 8)	2	4	0	true
P	81	(3, 6, 7)	0	0	-7476	false
P	-	(3, 6, 7)	0	1	0	true
P	82	(3, 6, 7)	1	0	-51341	false
P	83	(3, 6, 7)	1	1	-24711	false
P	84	(3, 6, 7)	1	2	-5530	false
P	-	(3, 6, 7)	1	3	0	true
P	85	(3, 6, 7)	2	0	-76548	false
P	86	(3, 6, 7)	2	1	-41988	false
P	87	(3, 6, 7)	2	2	-15608	false
P	-	(3, 6, 7)	2	3	0	true
P	88	(4, 4, 8)	0	0	-17266	false
P	89	(4, 4, 8)	0	1	-4357	false
P	-	(4, 4, 8)	0	2	0	true
P	90	(4, 4, 8)	1	0	-17106	false
P	91	(4, 4, 8)	1	1	-4343	false
P	-	(4, 4, 8)	1	2	0	true
P	92	(4, 4, 8)	2	0	-120770	false
P	93	(4, 4, 8)	2	1	-70820	false
P	94	(4, 4, 8)	2	2	-34294	false
P	95	(4, 4, 8)	2	3	-10580	false
P	-	(4, 4, 8)	2	4	0	true
P	96	(4, 5, 7)	0	0	-16819	false
P	97	(4, 5, 7)	0	1	-4315	false
P	-	(4, 5, 7)	0	2	0	true
P	98	(4, 5, 7)	1	0	-32943	false
P	99	(4, 5, 7)	1	1	-9992	false
P	-	(4, 5, 7)	1	2	0	true
P	100	(4, 5, 7)	2	0	-83616	false
P	101	(4, 5, 7)	2	1	-44202	false
P	102	(4, 5, 7)	2	2	-16154	false
P	-	(4, 5, 7)	2	3	0	true
P	103	(4, 6, 6)	0	0	-17098	false
P	104	(4, 6, 6)	0	1	-4371	false
P	-	(4, 6, 6)	0	2	0	true
P	105	(4, 6, 6)	1	0	-56609	false
P	106	(4, 6, 6)	1	1	-25990	false
P	107	(4, 6, 6)	1	2	-5564	false
P	-	(4, 6, 6)	1	3	0	true
P	108	(4, 6, 6)	2	0	-56356	false
P	109	(4, 6, 6)	2	1	-25900	false
P	110	(4, 6, 6)	2	2	-5561	false
P	-	(4, 6, 6)	2	3	0	true
P	111	(5, 5, 6)	0	0	-33052	false
P	112	(5, 5, 6)	0	1	-9918	false
P	-	(5, 5, 6)	0	2	0	true
P	113	(5, 5, 6)	1	0	-32951	false
P	114	(5, 5, 6)	1	1	-9906	false
P	-	(5, 5, 6)	1	2	0	true
P	115	(5, 5, 6)	2	0	-57255	false
P	116	(5, 5, 6)	2	1	-26128	false
P	117	(5, 5, 6)	2	2	-5560	false
P	-	(5, 5, 6)	2	3	0	true
p	-	(1, 1, 6)	0	0	0	true
p	-	(1, 1, 6)	1	0	0	true
p	0	(1, 1, 6)	2	2	-39594	false
p	-	(1, 1, 6)	2	3	0	true
p	-	(1, 2, 5)	0	0	0	true
p	1	(1, 2, 5)	1	0	-5561	false
p	-	(1, 2, 5)	1	1	0	true
p	2	(1, 2, 5)	2	1	-55254	false
p	-	(1, 2, 5)	2	2	0	true
p	-	(1, 3, 4)	0	0	0	true
p	3	(1, 3, 4)	1	0	-15178	false
p	-	(1, 3, 4)	1	1	0	true
p	4	(1, 3, 4)	2	0	-62331	false
p	5	(1, 3, 4)	2	1	-19672	false
p	-	(1, 3, 4)	2	2	0	true
p	-	(1, 4, 3)	0	0	0	true
p	6	(1, 4, 3)	1	0	-54917	false
p	7	(1, 4, 3)	1	1	-18539	false
p	-	(1, 4, 3)	1	2	0	true
p	8	(1, 4, 3)	2	0	-16455	false
p	-	(1, 4, 3)	2	1	0	true
p	-	(1, 5, 2)	0	0	0	true
p	9	(1, 5, 2)	1	1	-32184	false
p	-	(1, 5, 2)	1	2	0	true
p	10	(1, 5, 2)	2	0	-5716	false
p	-	(1, 5, 2)	2	1	0	true
p	-	(1, 6, 1)	0	0	0	true
p	11	(1, 6, 1)	1	2	-11688	false
p	-	(1, 6, 1)	1	3	0	true
p	-	(1, 6, 1)	2	0	0	true
p	12	(2, 1, 5)	0	0	-5527	false
p	-	(2, 1, 5)	0	1	0	true
p	-	(2, 1, 5)	1	0	0	true
p	13	(2, 1, 5)	2	1	-53009	false
p	-	(2, 1, 5)	2	2	0	true
p	14	(2, 2, 4)	0	0	-6669	false
p	-	(2, 2, 4)	0	1	0	true
p	15	(2, 2, 4)	1	0	-6669	false
p	-	(2, 2, 4)	1	1	0	true
p	16	(2, 2, 4)	2	0	-64938	false
p	17	(2, 2, 4)	2	1	-20286	false
p	-	(2, 2, 4)	2	2	0	true
p	18	(2, 3, 3)	0	0	-6616	false
p	-	(2, 3, 3)	0	1	0	true
p	19	(2, 3, 3)	1	0	-26336	false
p	-	(2, 3, 3)	1	1	0	true
p	20	(2, 3, 3)	2	0	-26429	false
p	-	(2, 3, 3)	2	1	0	true
p	21	(2, 4, 2)	0	0	-6696	false
p	-	(2, 4, 2)	0	1	0	true
p	22	(2, 4, 2)	1	0	-60888	false
p	23	(2, 4, 2)	1	1	-19760	false
p	-	(2, 4, 2)	1	2	0	true
p	24	(2, 4, 2)	2	0	-6690	false
p	-	(2, 4, 2)	2	1	0	true
p	25	(2, 5, 1)	0	0	-5724	false
p	-	(2, 5, 1)	0	1	0	true
p	26	(2, 5, 1)	1	1	-32216	false
p	-	(2, 5, 1)	1	2	0	true
p	-	(2, 5, 1)	2	0	0	true
p	27	(3, 1, 4)	0	0	-15829	false
p	-	(3, 1, 4)	0	1	0	true
p	-	(3, 1, 4)	1	0	0	true
p	28	(3, 1, 4)	2	0	-58477	false
p	29	(3, 1, 4)	2	1	-18987	false
p	-	(3, 1, 4)	2	2	0	true
p	30	(3, 2, 3)	0	0	-26339	false
p	-	(3, 2, 3)	0	1	0	true
p	31	(3, 2, 3)	1	0	-6619	false
p	-	(3, 2, 3)	1	1	0	true
p	32	(3, 2, 3)	2	0	-26393	false
p	-	(3, 2, 3)	2	1	0	true
p	33	(3, 3, 2)	0	0	-26340	false
p	-	(3, 3, 2)	0	1	0	true
p	34	(3, 3, 2)	1	0	-26359	false
p	-	(3, 3, 2)	1	1	0	true
p	35	(3, 3, 2)	2	0	-6620	false
p	-	(3, 3, 2)	2	1	0	true
p	36	(3, 4, 1)	0	0	-16239	false
p	-	(3, 4, 1)	0	1	0	true
p	37	(3, 4, 1)	1	0	-55176	false
p	38	(3, 4, 1)	1	1	-18587	false
p	-	(3, 4, 1)	1	2	0	true
p	-	(3, 4, 1)	2	0	0	true
p	39	(4, 1, 3)	0	0	-55107	false
p	40	(4, 1, 3)	0	1	-18571	false
p	-	(4, 1, 3)	0	2	0	true
p	-	(4, 1, 3)	1	0	0	true
p	41	(4, 1, 3)	2	0	-16272	false
p	-	(4, 1, 3)	2	1	0	true
p	42	(4, 2, 2)	0	0	-60868	false
p	43	(4, 2, 2)	0	1	-19755	false
p	-	(4, 2, 2)	0	2	0	true
p	44	(4, 2, 2)	1	0	-6696	false
p	-	(4, 2, 2)	1	1	0	true
p	45	(4, 2, 2)	2	0	-6692	false
p	-	(4, 2, 2)	2	1	0	true
p	46	(4, 3, 1)	0	0	-55133	false
p	47	(4, 3, 1)	0	1	-18580	false
p	-	(4, 3, 1)	0	2	0	true
p	48	(4, 3, 1)	1	0	-16247	false
p	-	(4, 3, 1)	1	1	0	true
p	-	(4, 3, 1)	2	0	0	true
p	49	(5, 1, 2)	0	1	-32128	false
p	-	(5, 1, 2)	0	2	0	true
p	-	(5, 1, 2)	1	0	0	true
p	50	(5, 1, 2)	2	0	-5727	false
p	-	(5, 1, 2)	2	1	0	true
p	51	(5, 2, 1)	0	1	-32138	false
p	-	(5, 2, 1)	0	2	0	true
p	52	(5, 2, 1)	1	0	-5725	false
p	-	(5, 2, 1)	1	1	0	true
p	-	(5, 2, 1)	2	0	0	true
p	53	(6, 1, 1)	0	2	-122	false
p	-	(6, 1, 1)	0	3	0	true
p	-	(6, 1, 1)	1	0	0	true
p	-	(6, 1, 1)	2	0	0	true
d	0	(1, 1, 6)	(1, 1, 2)	-	63	false
d	1	(1, 2, 5)	(0, 2, 2)	-	97655	false
d	2	(1, 2, 5)	(1, 1, 2)	-	0	false
d	3	(1, 2, 5)	(1, 2, 1)	-	42132	false
d	4	(1, 3, 4)	(0, 2, 2)	-	92966	false
d	5	(1, 3, 4)	(1, 1, 2)	-	1204	false
d	6	(1, 3, 4)	(1, 2, 1)	-	42148	false
d	7	(1, 4, 3)	(0, 2, 2)	-	95604	false
d	8	(1, 4, 3)	(1, 1, 2)	-	41743	false
d	9	(1, 4, 3)	(1, 2, 1)	-	3057	false
d	10	(1, 5, 2)	(0, 2, 2)	-	109933	false
d	11	(1, 5, 2)	(1, 1, 2)	-	42092	false
d	12	(1, 5, 2)	(1, 2, 1)	-	3747	false
d	13	(1, 6, 1)	(1, 2, 1)	-	41991	false
d	14	(2, 1, 5)	(1, 1, 2)	-	1	false
d	15	(2, 1, 5)	(2, 0, 2)	-	100622	false
d	16	(2, 1, 5)	(2, 1, 1)	-	42166	false
d	17	(2, 2, 4)	(0, 2, 2)	-	103562	false
d	18	(2, 2, 4)	(1, 1, 2)	-	9039	false
d	19	(2, 2, 4)	(1, 2, 1)	-	42157	false
d	20	(2, 2, 4)	(2, 0, 2)	-	103577	false
d	21	(2, 2, 4)	(2, 1, 1)	-	42165	false
d	22	(2, 2, 4)	(2, 2, 0)	-	63582	false
d	23	(2, 3, 3)	(0, 2, 2)	-	110082	false
d	24	(2, 3, 3)	(1, 1, 2)	-	4584	false
d	25	(2, 3, 3)	(1, 2, 1)	-	42175	false
d	26	(2, 3, 3)	(2, 0, 2)	-	104091	false
d	27	(2, 3, 3)	(2, 1, 1)	-	38838	false
d	28	(2, 3, 3)	(2, 2, 0)	-	102383	false
d	29	(2, 4, 2)	(0, 2, 2)	-	104793	false
d	30	(2, 4, 2)	(1, 1, 2)	-	42126	false
d	31	(2, 4, 2)	(1, 2, 1)	-	11814	false
d	32	(2, 4, 2)	(2, 0, 2)	-	63338	false
d	33	(2, 4, 2)	(2, 1, 1)	-	42165	false
d	34	(2, 4, 2)	(2, 2, 0)	-	104864	false
d	35	(2, 5, 1)	(1, 2, 1)	-	3587	false
d	36	(2, 5, 1)	(2, 1, 1)	-	42166	false
d	37	(2, 5, 1)	(2, 2, 0)	-	110086	false
d	38	(3, 1, 4)	(1, 1, 2)	-	2207	false
d	39	(3, 1, 4)	(2, 0, 2)	-	94768	false
d	40	(3, 1, 4)	(2, 1, 1)	-	42166	false
d	41	(3, 2, 3)	(0, 2, 2)	-	104185	false
d	42	(3, 2, 3)	(1, 1, 2)	-	4735	false
d	43	(3, 2, 3)	(1, 2, 1)	-	38889	false
d	44	(3, 2, 3)	(2, 0, 2)	-	110065	false
d	45	(3, 2, 3)	(2, 1, 1)	-	42166	false
d	46	(3, 2, 3)	(2, 2, 0)	-	102372	false
d	47	(3, 3, 2)	(0, 2, 2)	-	104314	false
d	48	(3, 3, 2)	(1, 1, 2)	-	38956	false
d	49	(3, 3, 2)	(1, 2, 1)	-	4876	false
d	50	(3, 3, 2)	(2, 0, 2)	-	102395	false
d	51	(3, 3, 2)	(2, 1, 1)	-	42166	false
d	52	(3, 3, 2)	(2, 2, 0)	-	110068	false
d	53	(3, 4, 1)	(1, 2, 1)	-	2953	false
d	54	(3, 4, 1)	(2, 1, 1)	-	42166	false
d	55	(3, 4, 1)	(2, 2, 0)	-	96000	false
d	56	(4, 1, 3)	(1, 1, 2)	-	41863	false
d	57	(4, 1, 3)	(2, 0, 2)	-	95723	false
d	58	(4, 1, 3)	(2, 1, 1)	-	3031	false
d	59	(4, 2, 2)	(0, 2, 2)	-	63321	false
d	60	(4, 2, 2)	(1, 1, 2)	-	42040	false
d	61	(4, 2, 2)	(1, 2, 1)	-	42174	false
d	62	(4, 2, 2)	(2, 0, 2)	-	104662	false
d	63	(4, 2, 2)	(2, 1, 1)	-	11860	false
d	64	(4, 2, 2)	(2, 2, 0)	-	104902	false
d	65	(4, 3, 1)	(1, 2, 1)	-	42189	false
d	66	(4, 3, 1)	(2, 1, 1)	-	2967	false
d	67	(4, 3, 1)	(2, 2, 0)	-	96042	false
d	68	(5, 1, 2)	(1, 1, 2)	-	42047	false
d	69	(5, 1, 2)	(2, 0, 2)	-	109872	false
d	70	(5, 1, 2)	(2, 1, 1)	-	3986	false
d	71	(5, 2, 1)	(1, 2, 1)	-	42200	false
d	72	(5, 2, 1)	(2, 1, 1)	-	3834	false
d	73	(5, 2, 1)	(2, 2, 0)	-	110106	false
d	74	(6, 1, 1)	(2, 1, 1)	-	60257	false
z	-	(0, 0, 8)	-	(5, 5)	0	true
z	-	(0, 1, 7)	-	(4, 5)	0	true
z	0	(0, 2, 6)	-	(2, 5)	-11037	false
z	1	(0, 2, 6)	-	(3, 5)	-36170	false
z	-	(0, 2, 6)	-	(4, 4)	0	true
z	2	(0, 3, 5)	-	(1, 5)	-4779	false
z	3	(0, 3, 5)	-	(2, 4)	23107	false
z	-	(0, 3, 5)	-	(3, 4)	0	true
z	4	(0, 4, 4)	-	(0, 5)	-12831	false
z	5	(0, 4, 4)	-	(1, 4)	29263	false
z	6	(0, 4, 4)	-	(2, 2)	45052	false
z	7	(0, 4, 4)	-	(2, 3)	22289	false
z	-	(0, 4, 4)	-	(3, 3)	0	true
z	8	(0, 5, 3)	-	(1, 5)	-6216	false
z	9	(0, 5, 3)	-	(2, 4)	23895	false
z	-	(0, 5, 3)	-	(3, 4)	0	true
z	10	(0, 6, 2)	-	(2, 5)	-14326	false
z	11	(0, 6, 2)	-	(3, 5)	-40670	false
z	-	(0, 6, 2)	-	(4, 4)	0	true
z	-	(0, 7, 1)	-	(4, 5)	0	true
z	-	(0, 8, 0)	-	(5, 5)	0	true
z	-	(1, 0, 7)	-	(4, 5)	0	true
z	-	(1, 7, 0)	-	(4, 5)	0	true
z	12	(2, 0, 6)	-	(2, 5)	-9623	false
z	13	(2, 0, 6)	-	(3, 5)	-34674	false
z	-	(2, 0, 6)	-	(4, 4)	0	true
z	14	(2, 6, 0)	-	(2, 5)	-12708	false
z	15	(2, 6, 0)	-	(3, 5)	-36610	false
z	-	(2, 6, 0)	-	(4, 4)	0	true
z	16	(3, 0, 5)	-	(1, 5)	-2174	false
z	17	(3, 0, 5)	-	(2, 4)	21564	false
z	-	(3, 0, 5)	-	(3, 4)	0	true
z	18	(3, 5, 0)	-	(1, 5)	-5587	false
z	19	(3, 5, 0)	-	(2, 4)	22521	false
z	-	(3, 5, 0)	-	(3, 4)	0	true
z	20	(4, 0, 4)	-	(0, 5)	-9766	false
z	21	(4, 0, 4)	-	(1, 4)	28961	false
z	22	(4, 0, 4)	-	(2, 2)	43809	false
z	23	(4, 0, 4)	-	(2, 3)	22299	false
z	-	(4, 0, 4)	-	(3, 3)	0	true
z	24	(4, 4, 0)	-	(0, 5)	-12216	false
z	25	(4, 4, 0)	-	(1, 4)	28778	false
z	26	(4, 4, 0)	-	(2, 2)	44147	false
z	27	(4, 4, 0)	-	(2, 3)	22176	false
z	-	(4, 4, 0)	-	(3, 3)	0	true
z	28	(5, 0, 3)	-	(1, 5)	-7811	false
z	29	(5, 0, 3)	-	(2, 4)	21870	false
z	-	(5, 0, 3)	-	(3, 4)	0	true
z	30	(5, 3, 0)	-	(1, 5)	-6053	false
z	31	(5, 3, 0)	-	(2, 4)	23786	false
z	-	(5, 3, 0)	-	(3, 4)	0	true
z	32	(6, 0, 2)	-	(2, 5)	-166	false
z	33	(6, 0, 2)	-	(3, 5)	94	false
z	-	(6, 0, 2)	-	(4, 4)	0	true
z	34	(6, 2, 0)	-	(2, 5)	-52	false
z	35	(6, 2, 0)	-	(3, 5)	17	false
z	-	(6, 2, 0)	-	(4, 4)	0	true
z	-	(7, 0, 1)	-	(4, 5)	0	true
z	-	(7, 1, 0)	-	(4, 5)	0	true
z	-	(8, 0, 0)	-	(5, 5)	0	true
